{"cameraMode":{"drawMode":0,"name":"Shaded","section":"Shading Mode"},"sceneLighting":true,"audioPlay":false,"sceneViewState":{"m_AlwaysRefresh":false,"showFog":true,"showSkybox":true,"showFlares":true,"showImageEffects":true,"showParticleSystems":true,"showVisualEffectGraphs":true,"m_FxEnabled":true},"in2DMode":false,"pivot":{"x":-0.3215300440788269,"y":-2.4071719646453859,"z":-2.3534505367279054},"rotation":{"x":-0.021950064226984979,"y":-0.6473292708396912,"z":0.018656373023986818,"w":-0.7617056369781494},"size":11.759354591369629,"orthographic":false}