{"cameraMode":{"drawMode":0,"name":"Shaded","section":"Shading Mode"},"sceneLighting":true,"audioPlay":false,"sceneViewState":{"m_AlwaysRefresh":false,"showFog":true,"showSkybox":true,"showFlares":true,"showImageEffects":true,"showParticleSystems":true,"showVisualEffectGraphs":true,"m_FxEnabled":true},"in2DMode":false,"pivot":{"x":-0.8950036764144898,"y":-2.1705663204193117,"z":1.2871544361114503},"rotation":{"x":0.1278771013021469,"y":-0.08409730345010758,"z":-0.010897723957896233,"w":-0.9882091879844666},"size":9.41439437866211,"orthographic":false}