{"cameraMode":{"drawMode":0,"name":"Shaded","section":"Shading Mode"},"sceneLighting":false,"audioPlay":false,"sceneViewState":{"m_AlwaysRefresh":false,"showFog":true,"showSkybox":false,"showFlares":true,"showImageEffects":true,"showParticleSystems":true,"showVisualEffectGraphs":true,"m_FxEnabled":true},"in2DMode":false,"pivot":{"x":-0.11353862285614014,"y":0.6076072454452515,"z":-0.010966777801513672},"rotation":{"x":-0.1805405467748642,"y":0.21981823444366456,"z":-0.041435740888118747,"w":-0.9577978253364563},"size":6.414932727813721,"orthographic":false}